-- phpMyAdmin SQL Dump
-- version 4.0.10.7
-- http://www.phpmyadmin.net
--
-- Host: localhost
-- Generation Time: Mar 05, 2016 at 11:50 AM
-- Server version: 5.5.45-cll-lve
-- PHP Version: 5.4.31

SET SQL_MODE = "NO_AUTO_VALUE_ON_ZERO";
SET time_zone = "+00:00";


/*!40101 SET @OLD_CHARACTER_SET_CLIENT=@@CHARACTER_SET_CLIENT */;
/*!40101 SET @OLD_CHARACTER_SET_RESULTS=@@CHARACTER_SET_RESULTS */;
/*!40101 SET @OLD_COLLATION_CONNECTION=@@COLLATION_CONNECTION */;
/*!40101 SET NAMES utf8 */;

--
-- Database: `aasfDB`
--

-- --------------------------------------------------------

--
-- Table structure for table `Abhishar`
--

CREATE TABLE IF NOT EXISTS `Abhishar` (
  `Name` varchar(50) NOT NULL,
  `RollNo.` varchar(15) NOT NULL,
  `E-Mail` varchar(50) NOT NULL,
  `Article` varchar(50) NOT NULL
) ENGINE=MyISAM DEFAULT CHARSET=latin1;

--
-- Dumping data for table `Abhishar`
--

INSERT INTO `Abhishar` (`Name`, `RollNo.`, `E-Mail`, `Article`) VALUES
('Anjali Munjal', 'IPG-2014-015', 'anjalimunjal001@gmail.com', 'test.docx'),
('adad', 'fdasfgsadf', 'adsad@fasf.vgsdfg', 'Minor-I Exam Odd Semester    2015-16.docx'),
('DHEERAJ BARELIYA', 'IPG-2015-022', 'bareliyadheeraj@gmail.com', 'AJNABI BY -KING.docx'),
('DHEERAJ BARELIYA', 'IPG-2015-022', 'bareliyadheeraj@gmail.com', 'MUJHE_BUS_THODA[1].doc'),
('Jayant Mundhra', 'IPG-2014-119', 'jayant111294@gmail.com', 'Go challenge yourself!.docx'),
('SAURABH SHARMA', '2014IPG-078', 'gauravsaurabh31@gmail.com', 'à¤…à¤­à¤¿à¤·à¤¾à¤°.docx'),
('SAURABH SHARMA', '2014IPG-078', 'gauravsaurabh31@gmail.com', 'à¤…à¤­à¤¿à¤·à¤¾à¤°.docx'),
('pranay verma', 'IPG-2015-064', 'vermapranay2@gmail.com', 'Alphabet.doc'),
('Haritha S', 'IPG-2015-035', 'haritha1313@gmail.com', 'abhishar article.docx'),
('Sumant Bagade', 'IPG2013-032', 'sumantbagade19@gmail.com', 'abhishar article.docx'),
('Sumant Bagade', 'IPG2013-032', 'sumantbagade19@gmail.com', 'abhishararticle.docx'),
('Pratik Nayan Dash', 'IPG-2014063', 'pratiknayan@gmail.com', 'Agra Chalo.docx'),
('Jalaj Krishna Varshney', '2015-IPG-036', 'jalajkrishnavarshney@gmail.com', 'AbhisarArticle.docx'),
('Shreya Sahu', 'IPG2013-102', 'shreya.iiitm@gmail.com', 'Perception of Success.docx'),
('Jayant Mundhra', 'IPG-2014-119', 'jayant111294@gmail.com', 'POEM-Naya-Naya Khumaar hai.docx'),
('Jayant Mundhra', 'IPG-2014-119', 'jayant111294@gmail.com', 'POEM-Mujhko Ishq tha hone laga.docx'),
('Jayant Mundhra', 'IPG-2014-119', 'jayant111294@gmail.com', 'POEM-Meera ki Krishn-Leela.docx'),
('Asdf', 'asfda', 'try@try.com', 'Digitizing IIITM.docx'),
('Kv', '2012052', 'kv@a.com', 'winners list.docx'),
('Haritha Sreedharan Nair', 'IPG-2015-035', 'haritha1313@gmail.com', 'beggary-article (2).docx'),
('Dodo', '2013IPG115', 'shreya0702@gmail.com', 'Girls Are Dumb.docx'),
('Haritha Sreedharan Nair', 'IPG-2015-035', 'haritha1313@gmail.com', 'ABHISHAR MALAYALAM.docx');

-- --------------------------------------------------------

--
-- Table structure for table `activity`
--

CREATE TABLE IF NOT EXISTS `activity` (
  `trid` int(50) NOT NULL AUTO_INCREMENT,
  `eid` int(50) NOT NULL,
  `uid` int(50) NOT NULL,
  `donation` int(50) NOT NULL,
  `creator` int(1) NOT NULL,
  PRIMARY KEY (`trid`)
) ENGINE=InnoDB DEFAULT CHARSET=latin1 AUTO_INCREMENT=1 ;

-- --------------------------------------------------------

--
-- Table structure for table `comment`
--

CREATE TABLE IF NOT EXISTS `comment` (
  `cid` int(10) NOT NULL AUTO_INCREMENT,
  `eid` int(10) NOT NULL,
  `uid` int(10) NOT NULL,
  `comment` longtext NOT NULL,
  PRIMARY KEY (`cid`)
) ENGINE=InnoDB  DEFAULT CHARSET=latin1 AUTO_INCREMENT=20 ;

--
-- Dumping data for table `comment`
--

INSERT INTO `comment` (`cid`, `eid`, `uid`, `comment`) VALUES
(1, 18, 30, 'Shubh'),
(2, 18, 30, 'Shukla'),
(3, 18, 30, 'Shubh'),
(4, 18, 11, 'Another One'),
(5, 19, 32, 'Very nice initiative :)'),
(6, 18, 32, 'goo event :)'),
(7, 20, 34, 'hello'),
(8, 20, 31, '<img src="comments/Pdg Iiitm 20151120_122506.jpg"width=100 height=75></img>'),
(9, 20, 31, '<img src="comments/Pdg Iiitm 20151120_122506.jpg"width=100 height=75></img>'),
(10, 20, 31, 'nice'),
(11, 20, 34, '<img src="comments/anshumaan.jpg"width=100 height=75></img>'),
(12, 19, 39, ';kjn'),
(13, 18, 42, 'fcgfgfg'),
(14, 26, 40, 'Hi \r\n'),
(15, 26, 32, 'wonderful event\r\n'),
(16, 27, 40, 'hjhkkjhh  h kjhkj'),
(17, 19, 44, 'njhgcngcnmj'),
(18, 27, 44, 'aaaaa'),
(19, 20, 11, 'dfghsdhg');

-- --------------------------------------------------------

--
-- Table structure for table `districts`
--

CREATE TABLE IF NOT EXISTS `districts` (
  `id` int(10) NOT NULL,
  `district` varchar(50) NOT NULL,
  `hits` int(50) NOT NULL DEFAULT '0'
) ENGINE=InnoDB DEFAULT CHARSET=latin1;

--
-- Dumping data for table `districts`
--

INSERT INTO `districts` (`id`, `district`, `hits`) VALUES
(1, 'Nicobar', 1),
(2, 'North and Middle Andaman', 0),
(3, 'South Andaman', 0),
(4, 'Anantapur', 0),
(5, 'Chittoor', 0),
(6, 'Cuddapah', 0),
(7, 'East Godavari', 0),
(8, 'Guntur', 0),
(9, 'Krishna', 0),
(10, 'Kurnool', 1),
(11, 'Nellore', 0),
(12, 'Prakasam', 0),
(13, 'Srikakulam', 0),
(14, 'Visakhapatnam', 0),
(15, 'Vizianagaram', 0),
(16, 'West Godavari', 2),
(17, 'Anjaw', 0),
(18, 'Changlang', 0),
(19, 'Dibang Valley', 0),
(20, 'East Kameng', 0),
(21, 'East Siang', 0),
(22, 'Kurung Kumey', 0),
(23, 'Lohit', 0),
(24, 'Longding', 0),
(25, 'Lower Dibang Valley', 0),
(26, 'Lower Subansiri', 0),
(27, 'Papum Pare', 0),
(28, 'Tawang', 0),
(29, 'Tirap', 0),
(30, 'Upper Siang', 0),
(31, 'Upper Subansiri', 0),
(32, 'West Kameng', 1),
(33, 'West Siang', 0),
(34, 'Baksa', 0),
(35, 'Barpeta', 0),
(36, 'Bongaigaon', 0),
(37, 'Cachar', 0),
(38, 'Chirang', 0),
(39, 'Darrang', 0),
(40, 'Dhemaji', 0),
(41, 'Dhubri', 0),
(42, 'Dibrugarh', 0),
(43, 'Dima Hasao', 0),
(44, 'Goalpara', 0),
(45, 'Golaghat', 0),
(46, 'Hailakandi', 0),
(47, 'Jorhat', 0),
(48, 'Kamrup Metropolitan', 0),
(49, 'Kamrup', 0),
(50, 'Karbi Anglong', 0),
(51, 'Karimganj', 0),
(52, 'Kokrajhar', 0),
(53, 'Lakhimpur', 0),
(54, 'Morigaon', 0),
(55, 'Nagaon', 0),
(56, 'Nalbari', 0),
(57, 'Sivasagar', 0),
(58, 'Sonitpur', 0),
(59, 'Tinsukia', 0),
(60, 'Udalguri', 0),
(61, 'Araria', 0),
(62, 'Arwal', 0),
(63, 'Aurangabad', 0),
(64, 'Banka', 0),
(65, 'Begusarai', 0),
(66, 'Bhagalpur', 0),
(67, 'Bhojpur', 0),
(68, 'Buxar', 0),
(69, 'Darbhanga', 0),
(70, 'East Champaran (Motihari)', 0),
(71, 'Gaya', 0),
(72, 'Gopalganj', 0),
(73, 'Jamui', 0),
(74, 'Jehanabad', 0),
(75, 'Kaimur (Bhabua)', 0),
(76, 'Katihar', 0),
(77, 'Khagaria', 0),
(78, 'Kishanganj', 0),
(79, 'Lakhisarai', 0),
(80, 'Madhepura', 0),
(81, 'Madhubani', 0),
(82, 'Munger (Monghyr)', 0),
(83, 'Muzaffarpur', 0),
(84, 'Nalanda', 0),
(85, 'Nawada', 0),
(86, 'Patna', 0),
(87, 'Purnia (Purnea)', 0),
(88, 'Rohtas', 0),
(89, 'Saharsa', 0),
(90, 'Samastipur', 0),
(91, 'Saran', 0),
(92, 'Sheikhpura', 0),
(93, 'Sheohar', 0),
(94, 'Sitamarhi', 0),
(95, 'Siwan', 0),
(96, 'Supaul', 0),
(97, 'Vaishali', 0),
(98, 'West Champaran', 0),
(99, 'Chandigarh', 0),
(100, 'Balod', 0),
(101, 'Baloda Bazar', 0),
(102, 'Balrampur', 0),
(103, 'Bastar', 0),
(104, 'Bemetara', 0),
(105, 'Bijapur', 0),
(106, 'Bilaspur', 0),
(107, 'Dantewada (South Bastar)', 0),
(108, 'Dhamtari', 0),
(109, 'Durg', 0),
(110, 'Gariaband', 0),
(111, 'Janjgir-Champa', 0),
(112, 'Jashpur', 0),
(113, 'Kabirdham (Kawardha)', 0),
(114, 'Kanker (North Bastar)', 0),
(115, 'Kondagaon', 0),
(116, 'Korba', 0),
(117, 'Korea (Koriya)', 0),
(118, 'Mahasamund', 0),
(119, 'Mungeli', 0),
(120, 'Narayanpur', 0),
(121, 'Raigarh', 0),
(122, 'Raipur', 0),
(123, 'Rajnandgaon', 0),
(124, 'Sukma', 0),
(125, 'Surajpur', 0),
(126, 'Surguja', 0),
(127, 'Dadra & Nagar Haveli', 0),
(128, 'Daman', 0),
(129, 'Diu', 0),
(130, 'Central Delhi', 0),
(131, 'East Delhi', 0),
(132, 'New Delhi', 0),
(133, 'North Delhi', 0),
(134, 'North East Delhi', 0),
(135, 'North West Delhi', 0),
(136, 'South Delhi', 0),
(137, 'South West Delhi', 0),
(138, 'West Delhi', 0),
(139, 'North Goa', 0),
(140, 'South Goa', 0),
(141, 'Ahmedabad', 0),
(142, 'Amreli', 0),
(143, 'Anand', 0),
(144, 'Aravalli', 0),
(145, 'Banaskantha (Palanpur)', 0),
(146, 'Bharuch', 0),
(147, 'Bhavnagar', 0),
(148, 'Botad', 0),
(149, 'Chhota Udepur', 0),
(150, 'Dahod', 0),
(151, 'Dangs (Ahwa)', 0),
(152, 'Devbhoomi Dwarka', 0),
(153, 'Gandhinagar', 0),
(154, 'Gir Somnath', 0),
(155, 'Jamnagar', 0),
(156, 'Junagadh', 0),
(157, 'Kachchh', 0),
(158, 'Kheda (Nadiad)', 0),
(159, 'Mahisagar', 0),
(160, 'Mehsana', 0),
(161, 'Morbi', 0),
(162, 'Narmada (Rajpipla)', 0),
(163, 'Navsari', 0),
(164, 'Panchmahal (Godhra)', 0),
(165, 'Patan', 0),
(166, 'Porbandar', 0),
(167, 'Rajkot', 0),
(168, 'Sabarkantha (Himmatnagar)', 0),
(169, 'Surat', 0),
(170, 'Surendranagar', 0),
(171, 'Tapi (Vyara)', 0),
(172, 'Vadodara', 0),
(173, 'Valsad', 0),
(174, 'Ambala', 0),
(175, 'Bhiwani', 0),
(176, 'Faridabad', 0),
(177, 'Fatehabad', 0),
(178, 'Gurgaon', 0),
(179, 'Hisar', 0),
(180, 'Jhajjar', 0),
(181, 'Jind', 0),
(182, 'Kaithal', 0),
(183, 'Karnal', 0),
(184, 'Kurukshetra', 0),
(185, 'Mahendragarh', 0),
(186, 'Mewat', 0),
(187, 'Palwal', 0),
(188, 'Panchkula', 0),
(189, 'Panipat', 0),
(190, 'Rewari', 0),
(191, 'Rohtak', 0),
(192, 'Sirsa', 0),
(193, 'Sonipat', 0),
(194, 'Yamunanagar', 0),
(195, 'Bilaspur', 0),
(196, 'Chamba', 0),
(197, 'Hamirpur', 0),
(198, 'Kangra', 0),
(199, 'Kinnaur', 0),
(200, 'Kullu', 0),
(201, 'Lahaul & Spiti', 0),
(202, 'Mandi', 0),
(203, 'Shimla', 0),
(204, 'Sirmaur (Sirmour)', 0),
(205, 'Solan', 0),
(206, 'Una', 0),
(207, 'Anantnag', 0),
(208, 'Bandipora', 0),
(209, 'Baramulla', 0),
(210, 'Budgam', 0),
(211, 'Doda', 0),
(212, 'Ganderbal', 0),
(213, 'Jammu', 0),
(214, 'Kargil', 0),
(215, 'Kathua', 0),
(216, 'Kishtwar', 0),
(217, 'Kulgam', 0),
(218, 'Kupwara', 0),
(219, 'Leh', 0),
(220, 'Poonch', 0),
(221, 'Pulwama', 0),
(222, 'Rajouri', 0),
(223, 'Ramban', 0),
(224, 'Reasi', 0),
(225, 'Samba', 0),
(226, 'Shopian', 0),
(227, 'Srinagar', 0),
(228, 'Udhampur', 0),
(229, 'Bokaro', 0),
(230, 'Chatra', 0),
(231, 'Deoghar', 0),
(232, 'Dhanbad', 0),
(233, 'Dumka', 0),
(234, 'East Singhbhum', 0),
(235, 'Garhwa', 0),
(236, 'Giridih', 0),
(237, 'Godda', 0),
(238, 'Gumla', 0),
(239, 'Hazaribag', 0),
(240, 'Jamtara', 0),
(241, 'Khunti', 0),
(242, 'Koderma', 0),
(243, 'Latehar', 0),
(244, 'Lohardaga', 0),
(245, 'Pakur', 0),
(246, 'Palamu', 0),
(247, 'Ramgarh', 0),
(248, 'Ranchi', 0),
(249, 'Sahibganj', 0),
(250, 'Seraikela-Kharsawan', 0),
(251, 'Simdega', 0),
(252, 'West Singhbhum', 0),
(253, 'Bagalkot', 0),
(254, 'Bangalore Rural', 0),
(255, 'Bangalore Urban', 0),
(256, 'Belgaum', 0),
(257, 'Bellary', 0),
(258, 'Bidar', 0),
(259, 'Bijapur', 0),
(260, 'Chamarajanagar', 0),
(261, 'Chickmagalur', 0),
(262, 'Chikballapur', 0),
(263, 'Chitradurga', 0),
(264, 'Dakshina Kannada', 0),
(265, 'Davangere', 0),
(266, 'Dharwad', 0),
(267, 'Gadag', 0),
(268, 'Gulbarga', 0),
(269, 'Hassan', 0),
(270, 'Haveri', 0),
(271, 'Kodagu', 0),
(272, 'Kolar', 0),
(273, 'Koppal', 0),
(274, 'Mandya', 0),
(275, 'Mysore', 0),
(276, 'Raichur', 0),
(277, 'Ramnagara', 0),
(278, 'Shimoga', 0),
(279, 'Tumkur', 0),
(280, 'Udupi', 0),
(281, 'Uttara Kannada (Karwar)', 0),
(282, 'Yadgir', 0),
(283, 'Alappuzha', 0),
(284, 'Ernakulam', 0),
(285, 'Idukki', 0),
(286, 'Kannur', 0),
(287, 'Kasaragod', 0),
(288, 'Kollam', 0),
(289, 'Kottayam', 0),
(290, 'Kozhikode', 0),
(291, 'Malappuram', 0),
(292, 'Palakkad', 0),
(293, 'Pathanamthitta', 0),
(294, 'Thiruvananthapuram', 0),
(295, 'Thrissur', 0),
(296, 'Wayanad', 0),
(297, 'Lakshadweep', 0),
(298, 'Alirajpur', 0),
(299, 'Anuppur', 0),
(300, 'Ashoknagar', 0),
(301, 'Balaghat', 0),
(302, 'Barwani', 0),
(303, 'Betul', 0),
(304, 'Bhind', 0),
(305, 'Bhopal', 0),
(306, 'Burhanpur', 0),
(307, 'Chhatarpur', 0),
(308, 'Chhindwara', 0),
(309, 'Damoh', 0),
(310, 'Datia', 0),
(311, 'Dewas', 0),
(312, 'Dhar', 0),
(313, 'Dindori', 0),
(314, 'Guna', 0),
(315, 'Gwalior', 0),
(316, 'Harda', 0),
(317, 'Hoshangabad', 0),
(318, 'Indore', 0),
(319, 'Jabalpur', 0),
(320, 'Jhabua', 0),
(321, 'Katni', 0),
(322, 'Khandwa', 0),
(323, 'Khargone', 0),
(324, 'Mandla', 0),
(325, 'Mandsaur', 0),
(326, 'Morena', 0),
(327, 'Narsinghpur', 0),
(328, 'Neemuch', 0),
(329, 'Panna', 0),
(330, 'Raisen', 0),
(331, 'Rajgarh', 0),
(332, 'Ratlam', 0),
(333, 'Rewa', 0),
(334, 'Sagar', 0),
(335, 'Satna', 0),
(336, 'Sehore', 0),
(337, 'Seoni', 0),
(338, 'Shahdol', 0),
(339, 'Shajapur', 0),
(340, 'Sheopur', 0),
(341, 'Shivpuri', 0),
(342, 'Sidhi', 0),
(343, 'Singrauli', 0),
(344, 'Tikamgarh', 0),
(345, 'Ujjain', 0),
(346, 'Umaria', 0),
(347, 'Vidisha', 0),
(348, 'Ahmednagar', 0),
(349, 'Akola', 0),
(350, 'Amravati', 0),
(351, 'Aurangabad', 0),
(352, 'Beed', 0),
(353, 'Bhandara', 0),
(354, 'Buldhana', 0),
(355, 'Chandrapur', 0),
(356, 'Dhule', 0),
(357, 'Gadchiroli', 0),
(358, 'Gondia', 0),
(359, 'Hingoli', 0),
(360, 'Jalgaon', 0),
(361, 'Jalna', 0),
(362, 'Kolhapur', 0),
(363, 'Latur', 0),
(364, 'Mumbai City', 7),
(365, 'Mumbai Suburban', 0),
(366, 'Nagpur', 0),
(367, 'Nanded', 0),
(368, 'Nandurbar', 0),
(369, 'Nashik', 0),
(370, 'Osmanabad', 0),
(371, 'Parbhani', 0),
(372, 'Pune', 0),
(373, 'Raigad', 0),
(374, 'Ratnagiri', 0),
(375, 'Sangli', 0),
(376, 'Satara', 0),
(377, 'Sindhudurg', 0),
(378, 'Solapur', 0),
(379, 'Thane', 0),
(380, 'Wardha', 0),
(381, 'Washim', 0),
(382, 'Yavatmal', 0),
(383, 'Bishnupur', 0),
(384, 'Chandel', 0),
(385, 'Churachandpur', 0),
(386, 'Imphal East', 0),
(387, 'Imphal West', 0),
(388, 'Senapati', 0),
(389, 'Tamenglong', 0),
(390, 'Thoubal', 0),
(391, 'Ukhrul', 0),
(392, 'East Garo Hills', 0),
(393, 'East Jaintia Hills', 0),
(394, 'East Khasi Hills', 0),
(395, 'North Garo Hills', 0),
(396, 'Ri Bhoi', 0),
(397, 'South Garo Hills', 0),
(398, 'South West Garo Hills', 0),
(399, 'South West Khasi Hills', 0),
(400, 'West Garo Hills', 0),
(401, 'West Jaintia Hills', 0),
(402, 'West Khasi Hills', 0),
(403, 'Aizawl', 0),
(404, 'Champhai', 0),
(405, 'Kolasib', 0),
(406, 'Lawngtlai', 0),
(407, 'Lunglei', 0),
(408, 'Mamit', 0),
(409, 'Saiha', 0),
(410, 'Serchhip', 0),
(411, 'Dimapur', 0),
(412, 'Kiphire', 0),
(413, 'Kohima', 0),
(414, 'Longleng', 0),
(415, 'Mokokchung', 0),
(416, 'Mon', 0),
(417, 'Peren', 0),
(418, 'Phek', 0),
(419, 'Tuensang', 0),
(420, 'Wokha', 0),
(421, 'Zunheboto', 0),
(422, 'Angul', 0),
(423, 'Balangir', 0),
(424, 'Balasore', 0),
(425, 'Bargarh', 0),
(426, 'Bhadrak', 0),
(427, 'Boudh', 0),
(428, 'Cuttack', 0),
(429, 'Deogarh', 0),
(430, 'Dhenkanal', 0),
(431, 'Gajapati', 0),
(432, 'Ganjam', 0),
(433, 'Jagatsinghapur', 0),
(434, 'Jajpur', 0),
(435, 'Jharsuguda', 0),
(436, 'Kalahandi', 0),
(437, 'Kandhamal', 0),
(438, 'Kendrapara', 0),
(439, 'Kendujhar (Keonjhar)', 0),
(440, 'Khordha', 0),
(441, 'Koraput', 0),
(442, 'Malkangiri', 0),
(443, 'Mayurbhanj', 0),
(444, 'Nabarangpur', 0),
(445, 'Nayagarh', 0),
(446, 'Nuapada', 0),
(447, 'Puri', 0),
(448, 'Rayagada', 0),
(449, 'Sambalpur', 0),
(450, 'Sonepur', 0),
(451, 'Sundargarh', 0),
(452, 'Karaikal', 0),
(453, 'Mahe', 0),
(454, 'Pondicherry', 0),
(455, 'Yanam', 0),
(456, 'Amritsar', 0),
(457, 'Barnala', 0),
(458, 'Bathinda', 0),
(459, 'Faridkot', 0),
(460, 'Fatehgarh Sahib', 0),
(461, 'Fazilka', 0),
(462, 'Ferozepur', 0),
(463, 'Gurdaspur', 0),
(464, 'Hoshiarpur', 0),
(465, 'Jalandhar', 0),
(466, 'Kapurthala', 0),
(467, 'Ludhiana', 0),
(468, 'Mansa', 0),
(469, 'Moga', 0),
(470, 'Muktsar', 0),
(471, 'Nawanshahr', 0),
(472, 'Pathankot', 0),
(473, 'Patiala', 0),
(474, 'Rupnagar', 0),
(475, 'Sangrur', 0),
(476, 'SAS Nagar (Mohali)', 0),
(477, 'Tarn Taran', 0),
(478, 'Ajmer', 0),
(479, 'Alwar', 0),
(480, 'Banswara', 0),
(481, 'Baran', 0),
(482, 'Barmer', 0),
(483, 'Bharatpur', 0),
(484, 'Bhilwara', 0),
(485, 'Bikaner', 0),
(486, 'Bundi', 0),
(487, 'Chittorgarh', 0),
(488, 'Churu', 0),
(489, 'Dausa', 0),
(490, 'Dholpur', 0),
(491, 'Dungarpur', 0),
(492, 'Hanumangarh', 0),
(493, 'Jaipur', 0),
(494, 'Jaisalmer', 0),
(495, 'Jalore', 0),
(496, 'Jhalawar', 0),
(497, 'Jhunjhunu', 0),
(498, 'Jodhpur', 0),
(499, 'Karauli', 0),
(500, 'Kota', 0),
(501, 'Nagaur', 0),
(502, 'Pali', 0),
(503, 'Pratapgarh', 0),
(504, 'Rajsamand', 0),
(505, 'Sawai Madhopur', 0),
(506, 'Sikar', 0),
(507, 'Sirohi', 0),
(508, 'Sri Ganganagar', 0),
(509, 'Tonk', 0),
(510, 'Udaipur', 0),
(511, 'East Sikkim', 0),
(512, 'North Sikkim', 0),
(513, 'South Sikkim', 0),
(514, 'West Sikkim', 0),
(515, 'Ariyalur', 0),
(516, 'Chennai', 0),
(517, 'Coimbatore', 0),
(518, 'Cuddalore', 0),
(519, 'Dharmapuri', 0),
(520, 'Dindigul', 0),
(521, 'Erode', 0),
(522, 'Kanchipuram', 0),
(523, 'Kanyakumari', 0),
(524, 'Karur', 0),
(525, 'Krishnagiri', 0),
(526, 'Madurai', 0),
(527, 'Nagapattinam', 0),
(528, 'Namakkal', 0),
(529, 'Nilgiris', 0),
(530, 'Perambalur', 0),
(531, 'Pudukkottai', 0),
(532, 'Ramanathapuram', 0),
(533, 'Salem', 0),
(534, 'Sivaganga', 0),
(535, 'Thanjavur', 0),
(536, 'Theni', 0),
(537, 'Thoothukudi (Tuticorin)', 0),
(538, 'Tiruchirappalli', 0),
(539, 'Tirunelveli', 0),
(540, 'Tiruppur', 0),
(541, 'Tiruvallur', 0),
(542, 'Tiruvannamalai', 0),
(543, 'Tiruvarur', 0),
(544, 'Vellore', 0),
(545, 'Viluppuram', 0),
(546, 'Virudhunagar', 0),
(547, 'Adilabad', 0),
(548, 'Hyderabad', 0),
(549, 'Karimnagar', 0),
(550, 'Khammam', 0),
(551, 'Mahabubnagar', 0),
(552, 'Medak', 0),
(553, 'Nalgonda', 0),
(554, 'Nizamabad', 0),
(555, 'Rangareddy', 0),
(556, 'Warangal', 0),
(557, 'Dhalai', 0),
(558, 'Gomati', 0),
(559, 'Khowai', 0),
(560, 'North Tripura', 0),
(561, 'Sepahijala', 0),
(562, 'South Tripura', 0),
(563, 'Unakoti', 0),
(564, 'West Tripura', 0),
(565, 'Agra', 0),
(566, 'Aligarh', 0),
(567, 'Allahabad', 0),
(568, 'Ambedkar Nagar', 0),
(569, 'Auraiya', 0),
(570, 'Azamgarh', 0),
(571, 'Baghpat', 0),
(572, 'Bahraich', 0),
(573, 'Ballia', 0),
(574, 'Balrampur', 0),
(575, 'Banda', 0),
(576, 'Barabanki', 0),
(577, 'Bareilly', 0),
(578, 'Basti', 0),
(579, 'Bhim Nagar', 0),
(580, 'Bijnor', 0),
(581, 'Budaun', 0),
(582, 'Bulandshahr', 0),
(583, 'Chandauli', 0),
(584, 'Chatrapati Sahuji Mahraj Nagar', 0),
(585, 'Chitrakoot', 0),
(586, 'Deoria', 0),
(587, 'Etah', 0),
(588, 'Etawah', 0),
(589, 'Faizabad', 0),
(590, 'Farrukhabad', 0),
(591, 'Fatehpur', 0),
(592, 'Firozabad', 0),
(593, 'Gautam Buddha Nagar', 0),
(594, 'Ghaziabad', 0),
(595, 'Ghazipur', 0),
(596, 'Gonda', 0),
(597, 'Gorakhpur', 0),
(598, 'Hamirpur', 0),
(599, 'Hardoi', 0),
(600, 'Hathras', 0),
(601, 'Jalaun', 0),
(602, 'Jaunpur', 0),
(603, 'Jhansi', 0),
(604, 'Jyotiba Phule Nagar (J.P. Nagar)', 0),
(605, 'Kannauj', 0),
(606, 'Kanpur Dehat', 0),
(607, 'Kanpur Nagar', 0),
(608, 'Kanshiram Nagar (Kasganj)', 0),
(609, 'Kaushambi', 0),
(610, 'Kushinagar (Padrauna)', 0),
(611, 'Lakhimpur - Kheri', 0),
(612, 'Lalitpur', 0),
(613, 'Lucknow', 0),
(614, 'Maharajganj', 0),
(615, 'Mahoba', 0),
(616, 'Mainpuri', 0),
(617, 'Mathura', 0),
(618, 'Mau', 0),
(619, 'Meerut', 0),
(620, 'Mirzapur', 0),
(621, 'Moradabad', 0),
(622, 'Muzaffarnagar', 0),
(623, 'Panchsheel Nagar', 0),
(624, 'Pilibhit', 0),
(625, 'Prabuddh Nagar', 0),
(626, 'Pratapgarh', 0),
(627, 'RaeBareli', 0),
(628, 'Rampur', 0),
(629, 'Saharanpur', 0),
(630, 'Sant Kabir Nagar', 0),
(631, 'Sant Ravidas Nagar', 0),
(632, 'Shahjahanpur', 0),
(633, 'Shravasti', 0),
(634, 'Siddharth Nagar', 0),
(635, 'Sitapur', 0),
(636, 'Sonbhadra', 0),
(637, 'Sultanpur', 0),
(638, 'Unnao', 0),
(639, 'Varanasi', 0),
(640, 'Almora', 0),
(641, 'Bageshwar', 0),
(642, 'Chamoli', 0),
(643, 'Champawat', 0),
(644, 'Dehradun', 0),
(645, 'Haridwar', 0),
(646, 'Nainital', 0),
(647, 'Pauri Garhwal', 0),
(648, 'Pithoragarh', 0),
(649, 'Rudraprayag', 0),
(650, 'Tehri Garhwal', 0),
(651, 'Udham Singh Nagar', 0),
(652, 'Uttarkashi', 0),
(653, 'Bankura', 0),
(654, 'Birbhum', 0),
(655, 'Burdwan (Bardhaman)', 0),
(656, 'Cooch Behar', 0),
(657, 'Dakshin Dinajpur (South Dinajpur)', 0),
(658, 'Darjeeling', 0),
(659, 'Hooghly', 0),
(660, 'Howrah', 0),
(661, 'Jalpaiguri', 0),
(662, 'Kolkata', 0),
(663, 'Malda', 0),
(664, 'Murshidabad', 0),
(665, 'Nadia', 0),
(666, 'North 24 Parganas', 0),
(667, 'Paschim Medinipur (West Medinipur)', 0),
(668, 'Purba Medinipur (East Medinipur)', 0),
(669, 'Purulia', 0),
(670, 'South 24 Parganas', 0),
(671, 'Uttar Dinajpur (North Dinajpur)', 0);

-- --------------------------------------------------------

--
-- Table structure for table `eactivity`
--

CREATE TABLE IF NOT EXISTS `eactivity` (
  `trid` int(10) NOT NULL AUTO_INCREMENT,
  `eid` int(10) NOT NULL,
  `uid` int(10) NOT NULL,
  `creator` int(10) NOT NULL,
  PRIMARY KEY (`trid`)
) ENGINE=MyISAM  DEFAULT CHARSET=latin1 AUTO_INCREMENT=23 ;

--
-- Dumping data for table `eactivity`
--

INSERT INTO `eactivity` (`trid`, `eid`, `uid`, `creator`) VALUES
(1, 1, 2, 1),
(2, 2, 17, 1),
(3, 1, 18, 0),
(4, 1, 20, 0),
(5, 3, 21, 1),
(6, 3, 27, 0),
(7, 4, 29, 1),
(8, 3, 29, 0),
(9, 5, 35, 1),
(10, 6, 2, 1),
(11, 6, 35, 0),
(12, 4, 2, 1),
(13, 7, 2, 1),
(14, 8, 35, 1),
(15, 6, 23, 0),
(16, 6, 38, 0),
(17, 6, 45, 0),
(18, 5, 45, 0),
(19, 9, 35, 1),
(20, 9, 50, 0),
(21, 9, 38, 1),
(22, 10, 38, 1);

-- --------------------------------------------------------

--
-- Table structure for table `event`
--

CREATE TABLE IF NOT EXISTS `event` (
  `eid` int(5) NOT NULL AUTO_INCREMENT,
  `uid` int(5) NOT NULL,
  `name` varchar(50) NOT NULL,
  `location` varchar(50) NOT NULL,
  `description` longtext NOT NULL,
  `url` varchar(500) NOT NULL,
  `sdate` varchar(50) NOT NULL,
  `edate` varchar(50) NOT NULL,
  `cause` varchar(2000) NOT NULL,
  `ngo` varchar(200) DEFAULT NULL,
  `address` varchar(100) NOT NULL,
  `stime` varchar(540) NOT NULL,
  `etime` varchar(50) NOT NULL,
  PRIMARY KEY (`eid`)
) ENGINE=InnoDB  DEFAULT CHARSET=latin1 AUTO_INCREMENT=11 ;

--
-- Dumping data for table `event`
--

INSERT INTO `event` (`eid`, `uid`, `name`, `location`, `description`, `url`, `sdate`, `edate`, `cause`, `ngo`, `address`, `stime`, `etime`) VALUES
(1, 2, 'Good Graffiti', 'Mumbai City', 'Spread smiles on the canvas of masses. ', 'http://www.youtube.com/embed/', '2016-02-14', '2016-02-14', 'Launchng karmyo. ', '', 'Khargarh', '09:00', '16:00'),
(2, 17, 'Good Graffiti2', 'Mumbai City', ' GG2', 'http://www.youtube.com/embed/', '2016-02-14', '2016-02-14', 'GG ', '', 'Khargarh', '9:00', '16:00'),
(4, 29, 'Blood donation camp', 'Mumbai City', ' Blood donaion', '', '2015-06-25', '2016-02-28', ' helping society ', '', '123, mumbai', '10 am', '5 pm'),
(5, 35, 'Cleanup drive', 'Mumbai City', 'to make the city clean ', 'events/CHILDREN.jpg', '2016-02-20', '2016-02-20', 'clenliness ', '', 'Navi Mumbai, Kharghar', '10:00', '12:00'),
(6, 2, 'Wilderness ', 'West Kameng', 'Hiking on Mont Blanc ', 'events/image1.jpg', '2016-02-20', '2016-02-21', 'to promote entrepreneurship ', '', 'Pune', '22:00', '22:00'),
(7, 2, 'Blood donation CAMP', 'Kurnool', ' Blood is a constantly circulating fluid providing the body with nutrition, oxygen, and waste removal. Blood is mostly liquid, with numerous cells and proteins suspended in it, making blood "thicker" than pure water. ...', 'events/DSCN3341.JPG', '2016-02-09', '2016-02-17', ' Blood is a constantly circulating fluid providing the body with nutrition, oxygen, and waste removal. ', '', 'ABV - IIITM, Morena Link', '19:00', '21:00'),
(8, 35, 'check ', 'Mumbai City', 'check ', 'events/7 tech painting.jpg', '2016-02-22', '2016-02-23', ' hk ', '', 'kharghar', '22:00', '23:00'),
(9, 35, 'cleanathon', 'Mumbai City', 'clean the city ', '', '2016-03-06', '2016-03-06', 'cleanliness ', '', 'kharghar', '07:00', '09:00'),
(10, 38, 'Cleanathon', 'Mumbai City', 'Initiative to get together at Kharghar and pick up the garbage from the locality.  ', 'http://www.youtube.com/embed/EviFtNhzkDI', '2016-03-06', '2016-03-06', 'Instill attitude of responsibility ', '', 'kharghar', '07:00', '09:00');

-- --------------------------------------------------------

--
-- Table structure for table `fundraiser`
--

CREATE TABLE IF NOT EXISTS `fundraiser` (
  `id` int(4) NOT NULL AUTO_INCREMENT,
  `name` varchar(100) NOT NULL,
  `cause` varchar(100) NOT NULL,
  `ngo` varchar(20) NOT NULL,
  `description` varchar(5000) NOT NULL,
  `url` varchar(500) NOT NULL,
  `amount` int(8) NOT NULL,
  `adder` varchar(50) NOT NULL,
  `collected` int(10) NOT NULL,
  PRIMARY KEY (`id`)
) ENGINE=InnoDB  DEFAULT CHARSET=latin1 AUTO_INCREMENT=23 ;

--
-- Dumping data for table `fundraiser`
--

INSERT INTO `fundraiser` (`id`, `name`, `cause`, `ngo`, `description`, `url`, `amount`, `adder`, `collected`) VALUES
(1, 'Test1', 'Floods', 'Test1', 'Help', 'https://www.youtube.com/embed/NZUVWxCY0X0', 50000, 'Shubh Shukla', 0),
(9, 'Deed in Need', 'Chennai Floods', 'Deed in Need', 'Bootbusiness is a light weight twitter bootstrap v2.1.1 compatible theme for corporate website. Website will look awesome if you use white background images for this theme.Bootbusiness is a light weight twitter bootstrap v2.1.1 compatible theme for corporate website. Website will look awesome if you use white background images for this theme.Bootbusiness is a light weight twitter bootstrap v2.1.1 compatible theme for corporate website. Website will look awesome if you use white background images for this theme.Bootbusiness is a light weight twitter bootstrap v2.1.1 compatible theme for corporate website. Website will look awesome if you use white background images for this theme. Bootbusiness is a light weight twitter bootstrap v2.1.1 compatible theme for corporate website. Website will look awesome if you use white background images for this theme. Bootbusiness is a light weight twitter bootstrap v2.1.1 compatible theme for corporate website. Website will look awesome if you use white background images for this theme. Bootbusiness is a light weight twitter bootstrap v2.1.1 compatible theme for corporate website. Website will look awesome if you use white background images for this theme. Bootbusiness is a light weight twitter bootstrap v2.1.1 compatible theme for corporate website. Website will look awesome if you use white background images for this theme. Bootbusiness is a light weight twitter bootstrap v2.1.1 compatible theme for corporate website. Website will look awesome if you use white background images for this theme.', 'https://www.youtube.com/embed/VjPjesxIxic', 78965412, '11', 7897895),
(16, '546', '45', '546', '45', '45', 45, '11', 0),
(17, '7878', '787', '7878', '78', '7878', 8, '11', 0),
(18, '12', 'sdf', '12', 'd', 'dvs', 51651, '11', 0),
(19, 'Sociopedia', 'Social development', 'Sociopedia', 'This is an event to ignite the need of social reforms in the political setup of India.This is an event to ignite the need of social reforms in the political setup of India.This is an event to ignite the need of social reforms in the political setup of India.This is an event to ignite the need of social reforms in the political setup of India.This is an event to ignite the need of social reforms in the political setup of India.This is an event to ignite the need of social reforms in the political setup of India.This is an event to ignite the need of social reforms in the political setup of India.This is an event to ignite the need of social reforms in the political setup of India.This is an event to ignite the need of social reforms in the political setup of India.This is an event to ignite the need of social reforms in the political setup of India.This is an event to ignite the need of social reforms in the political setup of India.This is an event to ignite the need of social reforms in the political setup of India.', 'www.youtube.com/embed/8uyy79j', 787878, '30', 787870),
(20, 'for tfi', 'jhjsdhj hkdhkhhkj', 'for tfi', 'djhfkh fhjksjh', 'https://www.youtube.com/watch?v=FRmYPb8hpos', 450000, '32', 0),
(21, 'Cleanup Drive', 'Enviornment', 'Cleanup Drive', 'Clean up drive in Kharghar', 'www.youtube.com/embed', 0, '32', 0),
(22, 'Campreneur', 'Teach Children ', 'Campreneur', 'Teaching entrepreneurship to school kids', 'https://www.youtube.com/embed/', 1000000, '33', 0);

-- --------------------------------------------------------

--
-- Table structure for table `going`
--

CREATE TABLE IF NOT EXISTS `going` (
  `id` int(10) NOT NULL AUTO_INCREMENT,
  `eid` int(10) NOT NULL,
  `uid` int(10) NOT NULL,
  PRIMARY KEY (`id`)
) ENGINE=InnoDB  DEFAULT CHARSET=latin1 AUTO_INCREMENT=11 ;

--
-- Dumping data for table `going`
--

INSERT INTO `going` (`id`, `eid`, `uid`) VALUES
(1, 1, 18),
(2, 1, 20),
(3, 3, 27),
(4, 3, 29),
(5, 6, 35),
(6, 6, 23),
(7, 6, 38),
(8, 6, 45),
(9, 5, 45),
(10, 9, 50);

-- --------------------------------------------------------

--
-- Table structure for table `images`
--

CREATE TABLE IF NOT EXISTS `images` (
  `pid` int(10) NOT NULL AUTO_INCREMENT,
  `eid` int(10) NOT NULL,
  `photo` varchar(1000) NOT NULL,
  PRIMARY KEY (`pid`)
) ENGINE=MyISAM DEFAULT CHARSET=latin1 AUTO_INCREMENT=1 ;

-- --------------------------------------------------------

--
-- Table structure for table `posts`
--

CREATE TABLE IF NOT EXISTS `posts` (
  `id` int(3) NOT NULL AUTO_INCREMENT,
  `title` varchar(150) NOT NULL,
  `description` longtext NOT NULL,
  `author` varchar(100) NOT NULL,
  `topic` varchar(100) NOT NULL,
  PRIMARY KEY (`id`)
) ENGINE=InnoDB  DEFAULT CHARSET=latin1 AUTO_INCREMENT=14 ;

--
-- Dumping data for table `posts`
--

INSERT INTO `posts` (`id`, `title`, `description`, `author`, `topic`) VALUES
(11, 'Basics ofNumber Theory(Part-1)', 'This writeup discusses few most important concepts in number theory that every programmer should ideally know. It is neither an introductory tutorial, nor any specific algorithms are discussed here. Rather, this writeup is intended to act as a reference. External references (mostly from Wikipedia and Wolfram) have been provided at many places for further details.\n\n \n0. The Peano axioms\nThe entire formalization of arithmetic is based on five fundamental axioms, called Peano axioms, which define properties of natural numbers. These axioms are -\n\n(i) 0 is a natural number\n(ii) Every natural number has a successor, which is also a natural number\n(iii) 0 is not the successor of any natural number\n(iv) Different natural numbers have different successors\n(v) If a set contains the number 0 and it also contains the successor of every number in S, then S contains every natural number.\n\nThe fifth axiom is also popularly known as "principal of mathematical induction"\n\nBeing extremely basic, we would rarely need them directly, unless we want to prove every theorem in arithmetic from the first principles. But being the building blocks of arithmetic, these axioms are worth knowing.\n \n1. Fundamental Theorem of Arithmetic and the Division Algorithm\nAs the name rightly says, this theorem lies at the heart of all the concepts in number theory. The fundamental theorem of arithmetic states that any integer greater than 1 can be written as a product of prime numbers in a unique way (up to the ordering of prime factors in the product). For example, 18 = 2 X 32, 1755 = 33 X 5 X 13. This theorem plays very important role in almost every number theoretic algorithm, like finding prime factors, finding GCD, finding sum of divisors of a number etc to mention a few. Proving this theorem is easy - in fact, it emerges out as a corollary to the Euclid''s first theorem (discussed below).\nThe division algorithm states that given two integers a,b (b != 0) there exist two unique integers q and r such that\na = bq + r, 0 <= r < b\nq is typically called quotient, whereas r is called remainder. If r = 0, we say that b divides a, and denote it as b|a.\n\n\n2. Euclid''s Theorems\nThe two important theorems, called "Euclid''s first theorem (Or Euclid''s lemma)" and "Euclid''s second theorem (usually simply referred as "Euclid''s theorem") are as follows:\nFirst theorem: p | ab => p|a or p | b. A direct consequence of this is the fundamental theorem of arithmetic.\nSecond theorem : There are infinitely many primes. There are many simple proofs for this.\nWhile it is true that there are infinitely many primes, it should also be remembered that there are arbitarily large gap between prime numbers. In other words, it is always possible to get a sequence of n consecutive composite numbers, given n.\n3. GCD, LCM, Bezout''s identity\nThe most common algorithm for finding the greatest common divisor of two numbers is the Euclid''s algorithm. This is an extremely efficient algorithm, as the number of steps required in this algorithm is at most 5 times the number of digits of the smaller number. GCD is typically denoted using round brackets - (a,b) denotes the gcd of a and b. Similarly LCM is denoted using square brackets - [a,b] denotes the lcm of a and b.\nThe numbers a and b are called coprimes iff (a,b) = 1 , i.e. iff [a,b] = ab.\nIf gcd(a,b) = d then (a/d, b/d) = 1.\nGCD and LCM are related by a very simple equation: (a,b) * [a,b] = ab. This gives a very fast way to calculate LCM of two numbers.\nThe bezout''s identity states that if d = (a,b) then there always exist integers x and y such that ax+by = d. (Of course, the theory of linear diophantine equations assures existance of infinitely many solutions, if one exists). It is also worth noting that k=d is the smallest positive integer for which ax+by = k has a solution with integral x and y. \nGiven a,b, Finding x and y, such that ax+by = d is done by extended Euclid''s algorithm, which can be implemented in recursive as well as iterative styles.\nExtended Euclid''s Algorithm\n \n4. Integer Factorization\nThe most commonly used algorithm for the integer factorization is the Sieve of Eratosthenes. It is sufficient to scan primes upto sqrt(N) while factorizing N. Also, if we need to factorize all numbers between 1 to N, this task can be done using a single run of this algorithm - For every integer k between 1 to N, we can maintain a single pair - the smallest prime that divides k, and its highest power , say (p,a). The remaining prime factors of k are then same as that of k/(pa).\n \n', 'Team AASF', 'Number Theory'),
(13, 'Basics of number Theory(part-2)', 'The post starts from where previous ended.\n\n1.Linear Congruence Equations\nThe equations of the form ax ? b (mod n) where (x is an unknown integer ) are called linear congruences. Such a congruence will have a solution if and only if there exists an integer x such that n | (ax-b), i.e. ax -b = ny for some integer y, or in other words ax + n(-y) = b. We already know from Bezout''s identity that a linear diophantine equation like this will have a solution only if gcd of (a,n), say d, divides b. In such a case, let b = dd'', a = da'', n = dn'', so we have:\nda''x + dn''(-y) = dd'' where gcd(a'',n'') = 1\nCancelling d throughout,\na''x + n''(-y) = d''.\nsince gcd of (a'', n'') = 1, now we can use Extended Euclid''s algorithm to find the solution for a''x + n''(-y) = 1. and then multiply this solution by d'' to get a solution for a''x + n''(-y) = d''.\n\nNote that if ax ? b (mod n) has a solution, then there is a unique solution mod (n/d). If this solution is denoted by x0, then there are exactly d solutions mod n, given by x0+ kn/d where 0 <= k < d. \n\n2.Chinese Remainder Theorem\nTypical problems of the form "Find a number which when divided by 2 leaves remainder 1, when divided by 3 leaves remainder 2, when divided by 7 leaves remainder 5" etc can be reformulated into a system of linear congruences and then can be solved using Chinese Remainder theorem. For example, the above problem can be expressed as a system of three linear congruences: "x ? 1 (mod 2), x ? 2 mod(3), x ? 5 mod (7)".\n\nIn general, a system of linear congruences:\nx ? a1 (mod n1)\nx ? a2 (mod n2)\nx ? a3 (mod n3)\n....\nx ? ak (mod nk)\n\nwhere (ni,nj) = 1 for every ni != nj has a unique solution modulo n where n = n1n2n3...nk.\nLet ci= n/ni for every i. Let di be the solution for the congruence cix = 1 (mod ni) such that 0 <= di < ni. (This solution can be found out using Extended Euclid''s algorithm). Then the common solution to the above system of linear equations is given by\nc = a1c1d1 + a2c2d2 + ... + akckdk\n\n\nA direct corollary of the Chinese Remainder theorem is as follows: Let n = p1a1 * p2a2 * .... * pkak be the prime factorization of n. Then, for any integers a and b, we have a = b (mod n) iff a = b (mod piai ) for each i.\n\nThe generalization of the Chinese Remainder Theorem, which discusses the case when the ni''s are not necessarily pairwise coprime is as follows - The system of linear congruences\n\nx ? a1 (mod n1)\nx ? a2 (mod n2)\nx ? a3 (mod n3)\n....\nx ? ak (mod nk)\n\nhas a solution iff gcd(ni,nj) divides (ai-aj) for every i != j. In such a case, there is a unique solution mod n, where n is the least common multiple of n1,n2...nk\n\n3.. Quadratic Congruences\nGiven q and n, if the quation x2 ? q (mod n) has a solution, then q is called quadratic residue modulo n. If this equation doesnot have a solution, then q is called "quadratic non residue" modulo n. For example, x2 ? 9 (mod 15) has a solution x = 12, hence 9 is a quadratic residue modulo 15. On the other hand, the equation x2 ? 11 (mod 15) has no solution, hence 11 is a quadratic non-residue modulo 15. In simpler terms, an integer q is a quadratic residue modulo n if a square can take the form (nk+q) for some positive integer n.\n\nFinding whether a quadratic congruence having prime number modulus has a solution or not is somewhat easy: x2 ? a (mod p) has a solution only if a(p-1)/2 = 1 (mod p). In such a case, the Shank-Tonelli algorithm can be used to get the solution.\n\n\n', 'Team AASF', 'Number Theory');

-- --------------------------------------------------------

--
-- Table structure for table `teams`
--

CREATE TABLE IF NOT EXISTS `teams` (
  `id` int(250) NOT NULL AUTO_INCREMENT,
  `name` varchar(50) NOT NULL,
  `fname` varchar(50) NOT NULL,
  `frol` varchar(50) NOT NULL,
  `sname` varchar(50) NOT NULL,
  `srol` varchar(50) NOT NULL,
  `tname` varchar(50) NOT NULL,
  `trol` varchar(50) NOT NULL,
  `email` varchar(100) NOT NULL,
  `verified` int(10) NOT NULL,
  PRIMARY KEY (`id`)
) ENGINE=MyISAM  DEFAULT CHARSET=latin1 AUTO_INCREMENT=69 ;

--
-- Dumping data for table `teams`
--

INSERT INTO `teams` (`id`, `name`, `fname`, `frol`, `sname`, `srol`, `tname`, `trol`, `email`, `verified`) VALUES
(5, 'the_fenwick_three', 'raj kumar verma', 'ipg2011-090', 'Abhishek yadav', 'ipg2011-006', ' Abdul Qadir Faridi', 'ipg2011-003', 'raj672kap@gmail.com', 1),
(7, 'mangobyte', 'Aditya Verma', 'ipg2011-011', 'Ashutosh Jindal', 'ipg2011-026', 'Shubham Aggarwal', 'ipg2011-104', 'meetadi3@gmail.com', 1),
(9, 'mauka-mauka', 'Naveen Sangtani', 'ipg2012-064', 'Durgesh Kumar Soni', 'ipg2012-032', 'Ankit', 'ipg2012-014', 'naveensangtani2910@gmail.com', 1),
(10, 'rbg', 'Shubhankar Mohan', 'ipg2013-104', 'Ankit Bansal', 'ipg2013-020', 'Riddhi Gupta', 'ipg2013-091', 'mohanshubhankar@gmail.com', 1),
(12, 'di$co_ninja$', 'HIMANSHU PAL', 'ipg2013-050', 'AMBUJ VERMA', 'ipg2013-015', 'SUMIT RAJ', 'ipg2013-112', 'ambujverma8@gmail.com', 1),
(13, 'beginner', 'Avneet Singh', 'ipg2011-028', 'Abhishek Kumar Yadav', 'ipg2011-005', 'Gaurav Yadav', 'ipg2011-039', 'avneetsingh114@gmail.com', 1),
(18, 'dg_icpc', 'Lakshay Singhal', 'ipg2011-056', 'Gaurav Kumar', 'ipg2011-038', 'Nikhil Rajawat', 'ipg2011-068', 'lakshay.perfect@gmail.com', 1),
(15, 'logicmonks', 'Akshay Goel', 'ipg2013-006', 'Ujjawal Dixit', 'ipg2013-117', '', 'ipg', 'ujjawaldixit099@gmail.com', 1),
(16, 'utkarsha', 'Rohan Passi', 'ipg2012-076', 'Surbhi Jain', 'ipg2012-087', '', 'ipg', 'surbhi1994jainnn@gmail.com', 1),
(17, 'striker_eureka', 'Pankaj gupta', 'ipg2011-072', 'Jyoti Patel', 'ipg2012-046', '', 'ipg', 'pankaj.6.gupta@gmail.com', 1),
(19, 'hk', 'Himanshu Mudgal', 'mtech2014-009', 'Kashif Faraz Shamshi', 'mtech2014-008', 'Puneet Verma', 'mtech2014-019', 'him.mudgal@gmail.com', 1),
(20, '÷&conquer', 'Aditya Dixit', 'ipg2012-006', 'Alok Sharma', 'ipg2012-008', 'Ankur Singh', 'ipg2012-015', 'a.dixit93@gmail.com', 1),
(21, 'dig_minds', 'Shivam Sinha', 'ipg2014-082', 'Shubh Shukla', 'ipg2014-087', 'Ritik Verma', 'ipg2014-068', 'sinhashivam04@gmail.com', 1),
(22, 'assassins_illuminati', 'ROHIT KUMAR', 'ipg2014-070', 'ASHUTOSH DWIVEDI', 'ipg2014-025', 'ANIKET GUPTA', 'ipg2014-014', 'aniket3167@gmail.com', 1),
(24, 'let_us_start', 'Jaswant Singh', 'ipg2011-045', 'Mr.Rahul Sinha', 'ipg2011-084', '', 'ipg', 'rahulanandsinha@gmail.com', 1),
(25, 'dexter', 'Ashutosh Rathor', 'ipg2011-027', 'Rahul Katoriya', 'ipg2011-086', 'Abhishek Agrawal', 'ipg2011-004', 'avangers2015@gmail.com', 1),
(26, 'crudes', 'Shubham Varshney', 'ipg2014-088', 'Anshul Jain', 'ipg2014-017', 'Akhil Agarwal', 'ipg2014-125', 'Shubham.07.var@gmail.com', 1),
(27, 'we3', 'shubham jaroli', 'ipg2014-085', 'vaibhaw vishal', 'ipg2014-099', 'chahes chopra', 'ipg2014-031', 'shubam15.jaroli@gmail.com', 1),
(28, 'dfszg', 'Suraj mishra', 'ipg2011-074', 'Rahul dubey', 'ipg2011-085', 'Paras mishra', 'ipg2011-074', 'rahuldubey010@gmail.com', 1),
(29, 'voyage', 'Anshul Vyas', 'ipg2013-024', 'Sarthak Joshi', 'ipg2013-096', 'Shreya Sahu', 'ipg2013-102', 'anshul.vyas380@gmail.com', 1),
(31, 'team_underdogs', 'shantanu tripathi', 'ipg2014-079', 'alok singh', 'ipg2014-009', 'arpit yadav', 'ipg2014-022', 'aloks2573@gmail.com', 1),
(32, 'dry_swimmer', 'Kumar Saurabh', 'ipg2011-053', 'Amaresh Chauhan', 'ipg2011-017', 'Aditya Kumar Gautam', 'ipg2011-009', 'ks.maurya10@gmail.com', 1),
(33, 'rough_coders', 'Adarsh Trivedi', 'ipg2014-003', 'Ashish Tiwari', 'ipg2014-024', 'Gaurav Sharma', 'ipg2014-039', 'adarshtrivedi1996@gmail.com', 1),
(34, 'restart', 'Nikhil ', 'ipg2012-066', 'Amit Kumar', 'ipg2012-011', '', 'ipg', 'akumar4850@gmail.com', 1),
(35, 'as', 'AMBUJ MISHRA', 'ipg2014-012', 'SHUBHAM SHARMA', 'ipg2014-086', '', 'ipg', 'ambuj.mishra.2k12@gmail.com', 1),
(36, 'mask', 'shivamsihare', 'ipg2011-102', 'Abhishek Agrawal', 'ipg2011-004', '', 'ipg', 'sihare123@gmail.com', 1),
(37, 'game_begins', 'juned ansari', 'ipg2013-054', 'sourav verma', 'ipg2013-108', '', 'ipg', 'souravverma095@gmail.com', 1),
(38, 'anekin', 'Arpan jain', 'ipg2013-027', 'Ashish pandey', 'ipg2013-029', 'Keshav singhal', 'ipg2013-059', 'arpan.jain1405@gmail.com', 1),
(39, 'newbie', 'Smriti Raj Srivastava', 'ipg2012-121', 'Smriti Raj Oshin', 'ipg2012-117', 'Pranav Anand', 'ipg2012-071', 'smritiraj55@gmail.com', 1),
(40, 'aspire', 'Annu Sachan', 'ipg2012-016', 'Gattu Suryateja', 'ipg2012-034', 'Rohit Retnakaran', 'ipg2012-079', 'rohitretnakaran@gmail.com', 1),
(41, 'r3gamers', 'Mayank Shivhare', 'ipg2011-062', 'Parikshitraj Bhati', 'ipg2011-075', 'Prateek Jain', 'ipg2011-080', 'prbhati2011@gmail.com', 1),
(42, 'coding_maniacs', 'UTKARSH GOEL', 'ipg2014-096', 'DEVASHEESH ROY', 'ipg2014-115', '', 'ipg', 'ugoel96@gmail.com', 1),
(46, 'aspirants', 'sneha saharawat', 'ipg2013-105', 'abhishek mahata', 'ipg2013-002', '', 'ipg', 'snehasaharawat95@gmail.com', 1),
(45, 'xxxx', 'Amandeep Sachan', 'ipg2013-012', 'Upendra Singh Sachan', 'ipg2013-118', 'Kanishk Agrawal', 'ipg2013-057', 'amandeep.sachan@gmail.com', 1),
(47, 'bonjour', 'Kushagra Varshney', 'ipg2012-052', 'Muskan Jain', 'ipg2012-062', 'Shreya Lohani', 'ipg2012-114', 'shreyalohani21@gmail.com', 1),
(48, 'kaamchors', 'Jitender Gangwar', 'ipg2013-053', 'Tariq Khan', 'ipg2013-116', 'Ambika Goyal', 'ipg2013-014', 'gangwarjitender@gmail.com', 1),
(49, 'shadow', 'Ansul Sharma', 'ipg2013-025', 'Ashish Krishna', 'ipg2013-028', '', 'ipg', 'ansulsharma1312@gmail.com', 1),
(50, 'aimhigh', 'vaishali kulshrestha', 'ipg2012-109', 'harshita lalwani', 'ipg2012-110', 'pooja bhimte', 'ipg2012-127', 'vashubaby3@gmail.com', 1),
(51, '*zeal*', 'Aditi Tayal', 'ipg2012-005', 'Shrikant Jituri', 'ipg2012-098', '', 'ipg', 'adititayal9@gmail.com', 1),
(52, 'spra', 'sandeep ', 'ipg2013-094', 'prashant kumar', 'ipg2013-081', 'rahul yadav', 'ipg2013-087', '96sandeepmaury@gmail.com', 1),
(54, 'icpc', 'Asif Khan', 'ipg2012-058', 'Hammad Uzair', 'ipg2012-088', '', 'ipg', 'asif.iiitm@gmail.com', 1),
(55, 'matrix', 'Saurav Kachhwaha', 'ipg2011-098', 'Riya Naval', 'ipg2011-095', '', 'ipg', 'saurav30914@gmail.com', 1),
(56, 'the_budding_programmers', 'anjali munjal', 'ipg2014-015', 'shruti agrawal', 'ipg2014-084', 'vishkha chichra', 'ipg2014-104', 'anjalimunjal001@gmail.com', 1),
(57, 'glycer', 'SHUBHAM AGARWAL', 'ipg2012-083', 'JAYANT SINGH', 'ipg2012-045', 'MILAN PAL SINGH', 'ipg2012-057', 'shub.ag02@gmail.com', 1),
(58, 'team', 'chitranjali banjare', 'ipg2011-031', 'sudha jaiswal', 'ipg2011-111', '', 'ipg', 'chitranjali.banjare@gmail.com', 1),
(59, 'necros', 'Aman Agarwal', 'ipg2013-010', 'Tariq khan', 'ipg2013-116', '', 'ipg', 'bestaman03@gmail.com', 1),
(60, 'beginners', 'aditi agarwal', 'ipg2014-004', 'sneha susarla', 'ipg2014-090', 'divya kumari', 'ipg2014-038', 'aditiagarwal119@gmail.com', 1),
(61, 'faltu', 'saumya choudhary', 'ipg2011-097', 'mona yadav', 'ipg2011-065', '', 'ipg', 'saumya.choudhary2011@gmail.com', 1),
(62, 'salvager', 'Rahul kumar', 'ipg2012-073', 'Pawan Namdev', 'ipg2012-102', 'Mohit Joshi', 'ipg2012-059', 'rd9745@gmail.com', 1),
(63, 'underdogs', 'Faiz Malik', 'ipg2012-033', 'Anil Sai Krishna', 'ipg2012-028', 'Lakshmi Narayana', 'ipg2012-068', 'faizmalik278@gmail.com', 1),
(64, 'prusty', 'Krishna Kishore', 'ipg2012-090', 'Adithya Sunkari', 'ipg2012-085', 'A Rahul', 'ipg2012-116', 'krishnakishore.jmj@gmail.com', 1),
(65, 'coffebyte', 'Rishu Mishra', 'ipg2011-094', 'Shubhi Jain', 'ipg2011-106', 'Shweta Singh', 'ipg2011-108', 'rishu.rani26@gmail.com', 1),
(66, '', '', '', '', '', '-1', '-1-1', '', 0),
(67, 'bradley', 'hxgQtQvLm', 'mtech1985', 'SjAxrePW', 'mtech1985', 'lMLcYDpnhucuDKcesSe', 'mtech1985', '', 0),
(68, 'mark', 'DmREmiDIAfIEeQi', 'mtech1985', 'kbEEtcehUptGVWjKfko', 'mtech1985', 'miiaXMIHMHS', 'mtech1985', '', 0);

-- --------------------------------------------------------

--
-- Table structure for table `users`
--

CREATE TABLE IF NOT EXISTS `users` (
  `id` int(5) NOT NULL AUTO_INCREMENT,
  `username` varchar(20) NOT NULL,
  `name` varchar(20) NOT NULL,
  `age` int(4) NOT NULL,
  `sex` varchar(50) NOT NULL,
  `password` varchar(65) NOT NULL,
  `email` varchar(50) NOT NULL,
  `status` varchar(250) DEFAULT NULL,
  `city` varchar(50) NOT NULL,
  `image` varchar(30000) NOT NULL,
  `work` varchar(50) NOT NULL,
  `fbid` bigint(200) NOT NULL DEFAULT '0',
  PRIMARY KEY (`id`)
) ENGINE=InnoDB  DEFAULT CHARSET=latin1 AUTO_INCREMENT=51 ;

--
-- Dumping data for table `users`
--

INSERT INTO `users` (`id`, `username`, `name`, `age`, `sex`, `password`, `email`, `status`, `city`, `image`, `work`, `fbid`) VALUES
(1, '', 'Shubh Shukla', 0, 'male', '', 'undefined', NULL, '', 'https://fbcdn-profile-a.akamaihd.net/hprofile-ak-xap1/v/t1.0-1/p50x50/11960176_1690828364482677_6699967674643042760_n.jpg?oh=7509b68fb54cd4be2119374af1fa1ce6&oe=576E25EA&__gda__=1466966315_debeed71a7697ea9b98dfc21bc897ff9', '', 1721632591402254),
(2, 'shubh', 'Shubham ', 19, 'male', 'e2e2e9ac03681920a4d9e8da84d84aae', 'unishubh1@gmail.com', NULL, 'Gwalior', 'usrimages/best-motivational-success-quote-do-not-screw-up-HD.jpg', '', 0),
(3, 'anshummaan', 'anshummaan', 35, 'male', '3aa11f8e7fc613085e7a854bfa0703ec', 'anshumaan@trenduce.com', NULL, 'Mumbai City', 'usrimages/avatar.jpeg', '', 0),
(4, 'Atul', 'Atul ', 0, 'male', '5fa2391bec884ed13130117bbd62f8c0', 'p1atuk@iiidr.ac.in', NULL, 'Please select a city', 'usrimages/avatar.jpeg', '', 0),
(5, 'Niveetha R S', 'Nveetha R S', 0, 'female', 'fd5421c9a9e259460f8b914554aba152', 'nivi.segar@mail.com', NULL, 'Please select a city', 'usrimages/avatar.jpeg', '', 0),
(6, 'Nidhi', 'Nidhi Sinha', 0, 'female', 'bb0e60a4f535dd46dd659e45ad3007be', 'sinhanidhi08@gmail.com', NULL, 'Please select a city', 'usrimages/avatar.jpeg', '', 0),
(7, 'piyush kumar', 'piyush kumar', 0, 'male', '762354b9157924dcd7bee07a41ac8fec', 'pyush.kaviraj@gmail.com', NULL, 'Please select a city', 'usrimages/avatar.jpeg', '', 0),
(9, 'ravi4354', 'ravi srivastava', 62, 'male', '72710d95d1214f01232a1fda6ca5c6b8', 'ravi4354@gmail.com', NULL, 'Mumbai City', 'usrimages/avatar.jpeg', '', 0),
(10, 'vks12289', 'vineet', 0, 'male', 'c4dc7a8b5fb3f97e384a8668e71ae589', 'vks12289@gmail.com', NULL, 'Please select a city', 'usrimages/avatar.jpeg', '', 0),
(11, 'jaya', 'jaya jain', 0, 'female', '827ccb0eea8a706c4c34a16891f84e7b', 'jayajain91@gmailcom', NULL, 'Please select a city', 'usrimages/avatar.jpeg', '', 0),
(12, '', 'sujoyghatak', 0, 'male', 'd41d8cd98f00b204e9800998ecf8427e', '', NULL, 'Please select a city', 'usrimages/avatar.jpeg', '', 0),
(13, 'sujoyghatak', 'sujoyghatak', 0, 'male', '827ccb0eea8a706c4c34a16891f84e7b', 'sujoyghatak@rediffmail.com', NULL, 'Please select a city', 'usrimages/avatar.jpeg', '', 0),
(14, 'sushmita', 'sushmita', 0, 'female', '3593142856e105b199c09b599dd1d333', 'sushmita.nift2011@gmail.com', NULL, 'Please select a city', 'usrimages/avatar.jpeg', '', 0),
(15, 'dr.dbsanja', 'Divyesh Sanja', 0, 'male', '80423b226d21f6100d19967e522ca0b1', 'dr.dbsanja@mail.com', NULL, 'Please select a city', 'usrimages/avatar.jpeg', '', 0),
(16, 'kavishr', 'kavish upadhyay', 25, 'male', 'e031b698ba5bdfbeb2506b79eefa42cb', 'kavish.upadhyay13@yahoo.com', NULL, 'Ahmedabad', 'usrimages/avatar.jpeg', '', 0),
(17, 'jacky0120', 'Jacky', 25, 'male', '9163c2209cb1efc4bbcab2cffd36d230', 'jackyjain11@yahoo.com', NULL, 'Pune', 'usrimages/avatar.jpeg', '', 0),
(18, 'Amruta', 'Amruta Pagariya', 22, 'female', 'a5f21a6ba7ad80c9e4f9f1eecdffd5c7', 'amrutapagaria@gmail.com', NULL, 'Mumbai City', 'usrimages/avatar.jpeg', '', 0),
(19, 'meeti', 'meeti', 26, 'female', 'ab7690c6e22424b2cf02327a270c94c9', 'meetimandani@gmail.com', NULL, 'Mumbai City', 'usrimages/avatar.jpeg', '', 0),
(20, 'havingfun', 'Rajesh Kumar', 22, 'male', '574e04e5dcfcb806b4e2a9a444eb3321', 'rajesh.kc.r.1993@gmail.com', NULL, 'Mumbai City', 'usrimages/1491363_605229456216689_1856196217_o.jpg', '', 0),
(21, 'deepikagoyal', 'Deepika', 27, 'female', '33d8e25fd7cbc42a1a49d5349da848ac', 'deepika@karmyo.com', NULL, 'Mumbai City', 'usrimages/avatar.jpeg', '', 0),
(22, '45', '56', 0, 'female', '81b073de9370ea873f548e31b8adc081', '25', NULL, 'Nellore', 'usrimages/IMG-20160210-WA0011.jpg', '', 0),
(23, 'dollykarmyo', 'dolly', 23, 'female', 'db52da1ab451ff20563ce6f61815630c', 'dolly.karmyo@gmail.com', NULL, 'Banglore', 'usrimages/IMG-20160210-WA0011.jpg', 'CFI "Code For India"', 0),
(24, 'Rohit', 'Rohit Lad', 23, 'male', '4cab5f8198d199500bbf9d40838890c2', 'rohit26lad@gmail.com', NULL, 'Mumbai City', 'usrimages/IMG_7618.JPG', '', 0),
(25, 'Rohit', 'Rohit Lad', 23, 'male', '4cab5f8198d199500bbf9d40838890c2', 'rohit26lad@gmail.com', NULL, 'Mumbai City', 'usrimages/avatar.jpeg', '', 0),
(26, 'Rohit', 'Rohit Lad', 23, 'male', '4cab5f8198d199500bbf9d40838890c2', 'rohit26lad@gmail.com', NULL, 'Mumbai City', 'usrimages/avatar.jpeg', '', 0),
(27, 'rohit1', 'Rohit', 22, 'male', 'e10adc3949ba59abbe56e057f20f883e', 'rohit@rohit.com', NULL, 'Mumbai City', 'usrimages/avatar.jpeg', '', 0),
(28, 'raman', 'Rahul', 22, 'male', '9fab6755cd2e8817d3e73b0978ca54a6', 'raman@raman.com', NULL, 'Gwalior', 'usrimages/avatar.jpeg', '', 0),
(29, 'Rohit Lad', 'Rohit Lad', 23, 'male', '2a4841492c3c978b583558f97f8d62a7', 'rohit26lad@gmail.com', NULL, 'Thane', 'usrimages/avatar.jpeg', '', 0),
(30, 'hjkhajkhfdak', 'hkjhkad', 0, 'male', 'a0380e0373252db686a19bb50bafc335', 'kkwhdkjhjk', NULL, 'Khagaria', 'usrimages/avatar.jpeg', '', 0),
(32, 'qw', 'qw', 22, 'male', '006d2143154327a64d86a264aea225f3', 'qw@qw.com', NULL, 'North and Middle Andaman', 'usrimages/', '', 0),
(33, 'ww', 'ww', 21, 'male', 'ad57484016654da87125db86f4227ea3', 'ww@w.com', NULL, 'East Godavari', 'usrimages/', '', 0),
(34, '', 'Rahul Raman', 0, 'male', '', 'rahul1raman@gmail.com', NULL, '', 'https://fbcdn-profile-a.akamaihd.net/hprofile-ak-xtf1/v/t1.0-1/p50x50/11825626_931484666910996_8149454796838744442_n.jpg?oh=ef02d50db14bef08f5a97502c8743af5&oe=57678520&__gda__=1466270310_dd2b9f8daf9c69eb0f5b131bf3454049', '', 1016821201710675),
(35, 'deepikag', 'Deepika', 27, 'female', '33d8e25fd7cbc42a1a49d5349da848ac', 'nicks0889@gmail.com', NULL, 'Mumbai City', 'usrimages/', '', 0),
(36, 'vaibhavmule', 'Vaibhav ', 20, 'male', '40a0d25dc17faef821e576434c3bc7f2', 'vaibhavmule135@gmail.com', NULL, 'Washim', 'usrimages/', '', 0),
(37, 'Yogi', 'Anshumaan ', 0, 'male', 'd41d8cd98f00b204e9800998ecf8427e', 'anshumaan@gempro.in', NULL, 'Please select a city', 'usrimages/', '', 0),
(38, 'anshu', 'anshu', 36, 'male', '4765aa5184b260e014fb3f6f795ba5c6', 'anshumaan@trenduce.com', NULL, 'Please select a city', 'usrimages/sunny.jpg', '', 0),
(39, 'shubhi', 'Shubh', 20, 'male', '25d55ad283aa400af464c76d713c07ad', 'uniishubh1@gmail.com', NULL, 'Nicobar', 'usrimages/', '', 0),
(40, '', '', 0, '', 'e2e2e9ac03681920a4d9e8da84d84aae', 'unishubh@gm.com', NULL, 'Please select a city', 'usrimages/', '', 0),
(41, '', '', 0, '', 'e2e2e9ac03681920a4d9e8da84d84aae', 'unishubh@gmail.co', NULL, 'Please select a city', 'usrimages/', '', 0),
(42, '', '', 0, '', 'e2e2e9ac03681920a4d9e8da84d84aae', 'unishubh@d.co', NULL, 'Please select a city', 'usrimages/', '', 0),
(43, '', '', 0, '', 'e2e2e9ac03681920a4d9e8da84d84aae', 'unishubh@k.co', NULL, 'Please select a city', 'usrimages/', '', 0),
(44, 'shubhe', 'ty', 0, 'male', 'e78caf56938df35dc210cca36f591e38', 'u@u.co', NULL, 'Jorhat', 'usrimages/', '', 0),
(45, 'oip', 'Aman23', 20, 'male', '25d55ad283aa400af464c76d713c07ad', 'qw@qw.com', NULL, 'Shopian', 'usrimages/', '', 0),
(46, '', '', 0, '', 'd41d8cd98f00b204e9800998ecf8427e', '', NULL, '', 'usrimages/', '', 0),
(47, '', '', 0, '', 'd41d8cd98f00b204e9800998ecf8427e', '', NULL, '', 'usrimages/', '', 0),
(48, '', '', 0, '', 'd41d8cd98f00b204e9800998ecf8427e', '', NULL, '', 'usrimages/', '', 0),
(49, '', '', 0, '', 'd41d8cd98f00b204e9800998ecf8427e', '', NULL, '', 'usrimages/', '', 0),
(50, '', 'Nicky', 0, '', '33d8e25fd7cbc42a1a49d5349da848ac', 'deepika.goyal08@yahoo.com', NULL, '', 'usrimages/', '', 0);

/*!40101 SET CHARACTER_SET_CLIENT=@OLD_CHARACTER_SET_CLIENT */;
/*!40101 SET CHARACTER_SET_RESULTS=@OLD_CHARACTER_SET_RESULTS */;
/*!40101 SET COLLATION_CONNECTION=@OLD_COLLATION_CONNECTION */;
